E5600056	P004	222	15	15	20160214-16	30
E5600056	P004	222	5	5	20160214-15	30
E5600056	P004	222	6	6	20160214-14	30
E5600056	P004	222	8	8	20160214-13	30
E5600056	P004	222	3	3	20160214-12	30
E5600056	P004	222	1	1	20160214-11	30
E5600056	P004	222	1	1	20160214-10	30
E5600056	P004	222	9	9	20160214-09	30
E5600056	P004	222	63	63	20160214-08	30
E5600056	P004	222	8	8	20160214-07	30
E5600056	P004	222	4	4	20160214-06	30
E5600056	P004	222	1	1	20160214-05	30
E5600056	P004	222	1	1	20160214-04	30
E5600056	P004	222	10	10	20160214-03	30
E5600056	P004	222	12	12	20160214-02	30
E5600056	P004	222	9	9	20160214-01	30
E5600056	P004	222	4	4	20160214-00	30
E5600056	P004	222	12	12	20160213-21	30
E5600056	P004	222	14	14	20160213-20	30
E5600056	P004	222	10	10	20160213-19	30
E5600056	P004	223	50	50	20160214-16	60
E5600056	P004	223	49	49	20160214-15	60
E5600056	P004	223	52	52	20160214-14	60
E5600056	P004	223	52	52	20160214-13	60
E5600056	P004	223	51	51	20160214-12	60
E5600056	P004	223	49	49	20160214-11	60
E5600056	P004	223	47	47	20160214-10	60
E5600056	P004	223	43	43	20160214-09	60
E5600056	P004	223	77	77	20160214-08	60
E5600056	P004	223	45	45	20160214-07	60
E5600056	P004	223	44	44	20160214-06	60
E5600056	P004	223	44	44	20160214-05	60
E5600056	P004	223	43	43	20160214-04	60
E5600056	P004	223	46	46	20160214-03	60
E5600056	P004	223	49	49	20160214-02	60
E5600056	P004	223	48	48	20160214-01	60
E5600056	P004	223	47	47	20160214-00	60
E5600056	P004	223	47	47	20160213-21	60
E5600056	P004	223	46	46	20160213-20	60
E5600056	P004	223	44	44	20160213-19	60
E5600056	P004	224	10	10	20160214-16	200
E5600056	P004	224	6	6	20160214-15	200
E5600056	P004	224	9	9	20160214-14	200
E5600056	P004	224	6	6	20160214-13	200
E5600056	P004	224	8	8	20160214-12	200
E5600056	P004	224	8	8	20160214-11	200
E5600056	P004	224	8	8	20160214-10	200
E5600056	P004	224	6	6	20160214-09	200
E5600056	P004	224	61	61	20160214-08	200
E5600056	P004	224	7	7	20160214-07	200
E5600056	P004	224	9	9	20160214-06	200
E5600056	P004	224	7	7	20160214-05	200
E5600056	P004	224	5	5	20160214-04	200
E5600056	P004	224	6	6	20160214-03	200
E5600056	P004	224	8	8	20160214-02	200
E5600056	P004	224	8	8	20160214-01	200
E5600056	P004	224	8	8	20160214-00	200
E5600056	P004	224	6	6	20160213-21	200
E5600056	P004	224	5	5	20160213-20	200
E5600056	P004	224	3	3	20160213-19	200
E5600056	P004	236	7	7	20160214-16	0
E5600056	P004	236	7	7	20160214-15	0
E5600056	P004	236	7	7	20160214-14	0
E5600056	P004	236	7	7	20160214-13	0
E5600056	P004	236	7	7	20160214-12	0
E5600056	P004	236	7	7	20160214-11	0
E5600056	P004	236	7	7	20160214-10	0
E5600056	P004	236	6	6	20160214-09	0
E5600056	P004	236	6	6	20160214-08	0
E5600056	P004	236	7	7	20160214-07	0
E5600056	P004	236	7	7	20160214-06	0
E5600056	P004	236	7	7	20160214-05	0
E5600056	P004	236	7	7	20160214-04	0
E5600056	P004	236	7	7	20160214-03	0
E5600056	P004	236	7	7	20160214-02	0
E5600056	P004	236	7	7	20160214-01	0
E5600056	P004	236	7	7	20160214-00	0
E5600056	P004	236	7	7	20160213-21	0
E5600056	P004	236	7	7	20160213-20	0
E5600056	P004	236	7	7	20160213-19	0
E5600056	P004	248	50988	50988	20160214-16	2000
E5600056	P004	248	51610	51610	20160214-15	2000
E5600056	P004	248	51083	51083	20160214-14	2000
E5600056	P004	248	51612	51612	20160214-13	2000
E5600056	P004	248	52433	52433	20160214-12	2000
E5600056	P004	248	52522	52522	20160214-11	2000
E5600056	P004	248	52909	52909	20160214-10	2000
E5600056	P004	248	55993	55993	20160214-09	2000
E5600056	P004	248	63534	63534	20160214-08	2000
E5600056	P004	248	51765	51765	20160214-07	2000
E5600056	P004	248	52551	52551	20160214-06	2000
E5600056	P004	248	52509	52509	20160214-05	2000
E5600056	P004	248	51668	51668	20160214-04	2000
E5600056	P004	248	52148	52148	20160214-03	2000
E5600056	P004	248	52313	52313	20160214-02	2000
E5600056	P004	248	51747	51747	20160214-01	2000
E5600056	P004	248	52172	52172	20160214-00	2000
E5600056	P004	248	52248	52248	20160213-21	2000
E5600056	P004	248	52890	52890	20160213-20	2000
E5600056	P004	248	53515	53515	20160213-19	2000
E5600056	P004	259	117	117	20160214-16	
E5600056	P004	259	117	117	20160214-15	
E5600056	P004	259	118	118	20160214-14	
E5600056	P004	259	118	118	20160214-13	
E5600056	P004	259	118	118	20160214-12	
E5600056	P004	259	117	117	20160214-11	
E5600056	P004	259	117	117	20160214-10	
E5600056	P004	259	116	116	20160214-09	
E5600056	P004	259	115	115	20160214-08	
E5600056	P004	259	115	115	20160214-07	
E5600056	P004	259	115	115	20160214-06	
E5600056	P004	259	115	115	20160214-05	
E5600056	P004	259	115	115	20160214-04	
E5600056	P004	259	115	115	20160214-03	
E5600056	P004	259	116	116	20160214-02	
E5600056	P004	259	116	116	20160214-01	
E5600056	P004	259	116	116	20160214-00	
E5600056	P004	259	116	116	20160213-21	
E5600056	P004	259	115	115	20160213-20	
E5600056	P004	259	115	115	20160213-19	
E5600056	P004	911	4	4	20160214-16	0
E5600056	P004	911	4	4	20160214-15	0
E5600056	P004	911	4	4	20160214-14	0
E5600056	P004	911	5	4.1	20160214-13	0
E5600056	P004	911	5	4.1	20160214-12	0
E5600056	P004	911	4	4	20160214-11	0
E5600056	P004	911	5	4.3	20160214-10	0
E5600056	P004	911	4	4	20160214-09	0
E5600056	P004	911	4	4	20160214-08	0
E5600056	P004	911	4	3.2	20160214-07	0
E5600056	P004	911	4	4	20160214-06	0
E5600056	P004	911	4	4	20160214-05	0
E5600056	P004	911	4	4	20160214-04	0
E5600056	P004	911	4	4	20160214-03	0
E5600056	P004	911	4	4	20160214-02	0
E5600056	P004	911	4	4	20160214-01	0
E5600056	P004	911	4	4	20160214-00	0
E5600056	P004	911	4	4	20160213-21	0
E5600056	P004	911	4	4	20160213-20	0
E5600056	P004	911	4	4	20160213-19	0
E5600056	P004	911	4	4	20160213-18	0
E5600056	P004	922	17	17	20160214-16	100
E5600056	P004	922	16	13.5	20160214-15	100
E5600056	P004	922	6	3.25	20160214-14	100
E5600056	P004	922	7	6.5	20160214-13	100
E5600056	P004	922	9	8	20160214-12	100
E5600056	P004	922	4	1.75	20160214-11	100
E5600056	P004	922	1	1	20160214-10	100
E5600056	P004	922	3	1.5	20160214-09	100
E5600056	P004	922	15	8	20160214-08	100
E5600056	P004	922	10	6.75	20160214-07	100
E5600056	P004	922	8	7.25	20160214-06	100
E5600056	P004	922	5	3.25	20160214-05	100
E5600056	P004	922	1	1	20160214-04	100
E5600056	P004	922	3	1.5	20160214-03	100
E5600056	P004	922	14	12.25	20160214-02	100
E5600056	P004	922	13	11.25	20160214-01	100
E5600056	P004	922	9	8	20160214-00	100
E5600056	P004	922	8	8	20160213-21	100
E5600056	P004	922	15	14	20160213-20	100
E5600056	P004	922	15	13	20160213-19	100
E5600056	P004	922	11	10.5	20160213-18	100
E5600056	P004	923	51	51	20160214-16	30
E5600056	P004	923	51	50.25	20160214-15	30
E5600056	P004	923	51	49.5	20160214-14	30
E5600056	P004	923	53	52.25	20160214-13	30
E5600056	P004	923	53	52	20160214-12	30
E5600056	P004	923	51	50.25	20160214-11	30
E5600056	P004	923	50	48.5	20160214-10	30
E5600056	P004	923	48	47.25	20160214-09	30
E5600056	P004	923	51	31	20160214-08	30
E5600056	P004	923	48	35.25	20160214-07	30
E5600056	P004	923	46	45.25	20160214-06	30
E5600056	P004	923	45	44.25	20160214-05	30
E5600056	P004	923	44	43.75	20160214-04	30
E5600056	P004	923	45	43.5	20160214-03	30
E5600056	P004	923	49	47.25	20160214-02	30
E5600056	P004	923	51	49.25	20160214-01	30
E5600056	P004	923	49	48.25	20160214-00	30
E5600056	P004	923	47	47	20160213-21	30
E5600056	P004	923	48	46.75	20160213-20	30
E5600056	P004	923	45	45	20160213-19	30
E5600056	P004	923	45	44.5	20160213-18	30
E5600056	P004	924	7	7	20160214-16	200
E5600056	P004	924	12	9.5	20160214-15	200
E5600056	P004	924	9	7.5	20160214-14	200
E5600056	P004	924	11	8.25	20160214-13	200
E5600056	P004	924	7	6.75	20160214-12	200
E5600056	P004	924	11	8.75	20160214-11	200
E5600056	P004	924	10	8	20160214-10	200
E5600056	P004	924	10	7.5	20160214-09	200
E5600056	P004	924	9	4.25	20160214-08	200
E5600056	P004	924	8	4.25	20160214-07	200
E5600056	P004	924	9	6	20160214-06	200
E5600056	P004	924	11	9.5	20160214-05	200
E5600056	P004	924	9	6.5	20160214-04	200
E5600056	P004	924	8	6	20160214-03	200
E5600056	P004	924	7	6	20160214-02	200
E5600056	P004	924	12	8.5	20160214-01	200
E5600056	P004	924	14	7	20160214-00	200
E5600056	P004	924	3	3	20160213-21	200
E5600056	P004	924	8	5.5	20160213-20	200
E5600056	P004	924	6	4.75	20160213-19	200
E5600056	P004	924	4	3.5	20160213-18	200
E5600056	P004	936	7	7	20160214-16	200
E5600056	P004	936	7	7	20160214-15	200
E5600056	P004	936	7	7	20160214-14	200
E5600056	P004	936	7	7	20160214-13	200
E5600056	P004	936	7	7	20160214-12	200
E5600056	P004	936	7	7	20160214-11	200
E5600056	P004	936	7	7	20160214-10	200
E5600056	P004	936	7	7	20160214-09	200
E5600056	P004	936	7	4.25	20160214-08	200
E5600056	P004	936	7	5.25	20160214-07	200
E5600056	P004	936	7	7	20160214-06	200
E5600056	P004	936	7	7	20160214-05	200
E5600056	P004	936	7	7	20160214-04	200
E5600056	P004	936	7	7	20160214-03	200
E5600056	P004	936	7	7	20160214-02	200
E5600056	P004	936	7	7	20160214-01	200
E5600056	P004	936	7	7	20160214-00	200
E5600056	P004	936	7	7	20160213-21	200
E5600056	P004	936	7	7	20160213-20	200
E5600056	P004	936	7	7	20160213-19	200
E5600056	P004	936	7	7	20160213-18	200
E5600056	P006	222	0	0	20160214-16	
E5600056	P006	222	0	0	20160214-15	
E5600056	P006	222	0	0	20160214-14	
E5600056	P006	222	0	0	20160214-13	
E5600056	P006	222	0	0	20160214-12	
E5600056	P006	222	0	0	20160214-11	
E5600056	P006	222	0	0	20160214-10	
E5600056	P006	222	0	0	20160214-09	
E5600056	P006	222	0	0	20160214-08	
E5600056	P006	222	0	0	20160214-07	
E5600056	P006	222	0	0	20160214-06	
E5600056	P006	222	0	0	20160214-05	
E5600056	P006	222	0	0	20160214-04	
E5600056	P006	222	0	0	20160214-03	
E5600056	P006	222	0	0	20160214-02	
E5600056	P006	222	0	0	20160214-01	
E5600056	P006	222	0	0	20160214-00	
E5600056	P006	222	0	0	20160213-21	
E5600056	P006	222	0	0	20160213-20	
E5600056	P006	222	0	0	20160213-19	
E5600056	P006	223	0	0	20160214-16	
E5600056	P006	223	0	0	20160214-15	
E5600056	P006	223	0	0	20160214-14	
E5600056	P006	223	0	0	20160214-13	
E5600056	P006	223	0	0	20160214-12	
E5600056	P006	223	0	0	20160214-11	
E5600056	P006	223	0	0	20160214-10	
E5600056	P006	223	0	0	20160214-09	
E5600056	P006	223	0	0	20160214-08	
E5600056	P006	223	0	0	20160214-07	
E5600056	P006	223	0	0	20160214-06	
E5600056	P006	223	0	0	20160214-05	
E5600056	P006	223	0	0	20160214-04	
E5600056	P006	223	0	0	20160214-03	
E5600056	P006	223	0	0	20160214-02	
E5600056	P006	223	0	0	20160214-01	
E5600056	P006	223	0	0	20160214-00	
E5600056	P006	223	0	0	20160213-21	
E5600056	P006	223	0	0	20160213-20	
E5600056	P006	223	0	0	20160213-19	
E5600056	P006	224	0	0	20160214-16	100
E5600056	P006	224	0	0	20160214-15	100
E5600056	P006	224	0	0	20160214-14	100
E5600056	P006	224	0	0	20160214-13	100
E5600056	P006	224	0	0	20160214-12	100
E5600056	P006	224	0	0	20160214-11	100
E5600056	P006	224	0	0	20160214-10	100
E5600056	P006	224	0	0	20160214-09	100
E5600056	P006	224	0	0	20160214-08	100
E5600056	P006	224	0	0	20160214-07	100
E5600056	P006	224	0	0	20160214-06	100
E5600056	P006	224	0	0	20160214-05	100
E5600056	P006	224	0	0	20160214-04	100
E5600056	P006	224	0	0	20160214-03	100
E5600056	P006	224	0	0	20160214-02	100
E5600056	P006	224	0	0	20160214-01	100
E5600056	P006	224	0	0	20160214-00	100
E5600056	P006	224	0	0	20160213-21	100
E5600056	P006	224	0	0	20160213-20	100
E5600056	P006	224	0	0	20160213-19	100
E5600056	P006	236	0	0	20160214-16	
E5600056	P006	236	0	0	20160214-15	
E5600056	P006	236	0	0	20160214-14	
E5600056	P006	236	0	0	20160214-13	
E5600056	P006	236	0	0	20160214-12	
E5600056	P006	236	0	0	20160214-11	
E5600056	P006	236	0	0	20160214-10	
E5600056	P006	236	0	0	20160214-09	
E5600056	P006	236	0	0	20160214-08	
E5600056	P006	236	0	0	20160214-07	
E5600056	P006	236	0	0	20160214-06	
E5600056	P006	236	0	0	20160214-05	
E5600056	P006	236	0	0	20160214-04	
E5600056	P006	236	0	0	20160214-03	
E5600056	P006	236	0	0	20160214-02	
E5600056	P006	236	0	0	20160214-01	
E5600056	P006	236	0	0	20160214-00	
E5600056	P006	236	0	0	20160213-21	
E5600056	P006	236	0	0	20160213-20	
E5600056	P006	236	0	0	20160213-19	
E5600056	P006	911	0	0	20160214-16	
E5600056	P006	911	0	0	20160214-15	
E5600056	P006	911	0	0	20160214-14	
E5600056	P006	911	0	0	20160214-13	
E5600056	P006	911	0	0	20160214-12	
E5600056	P006	911	0	0	20160214-11	
E5600056	P006	911	0	0	20160214-10	
E5600056	P006	911	0	0	20160214-09	
E5600056	P006	911	1	0.4	20160214-08	
E5600056	P006	911	1	0.1	20160214-07	
E5600056	P006	911	0	0	20160214-06	
E5600056	P006	911	0	0	20160214-05	
E5600056	P006	911	0	0	20160214-04	
E5600056	P006	911	0	0	20160214-03	
E5600056	P006	911	0	0	20160214-02	
E5600056	P006	911	0	0	20160214-01	
E5600056	P006	911	0	0	20160214-00	
E5600056	P006	911	0	0	20160213-21	
E5600056	P006	911	0	0	20160213-20	
E5600056	P006	911	0	0	20160213-19	
E5600056	P006	911	0	0	20160213-18	
E5600056	P006	922	0	0	20160214-16	
E5600056	P006	922	0	0	20160214-15	
E5600056	P006	922	0	0	20160214-14	
E5600056	P006	922	0	0	20160214-13	
E5600056	P006	922	0	0	20160214-12	
E5600056	P006	922	0	0	20160214-11	
E5600056	P006	922	0	0	20160214-10	
E5600056	P006	922	0	0	20160214-09	
E5600056	P006	922	11	2.75	20160214-08	
E5600056	P006	922	0	0	20160214-07	
E5600056	P006	922	0	0	20160214-06	
E5600056	P006	922	0	0	20160214-05	
E5600056	P006	922	0	0	20160214-04	
E5600056	P006	922	0	0	20160214-03	
E5600056	P006	922	0	0	20160214-02	
E5600056	P006	922	0	0	20160214-01	
E5600056	P006	922	0	0	20160214-00	
E5600056	P006	922	0	0	20160213-21	
E5600056	P006	922	0	0	20160213-20	
E5600056	P006	922	0	0	20160213-19	
E5600056	P006	922	0	0	20160213-18	
E5600056	P006	923	0	0	20160214-16	
E5600056	P006	923	0	0	20160214-15	
E5600056	P006	923	0	0	20160214-14	
E5600056	P006	923	0	0	20160214-13	
E5600056	P006	923	0	0	20160214-12	
E5600056	P006	923	0	0	20160214-11	
E5600056	P006	923	0	0	20160214-10	
E5600056	P006	923	0	0	20160214-09	
E5600056	P006	923	9	2.25	20160214-08	
E5600056	P006	923	0	0	20160214-07	
E5600056	P006	923	0	0	20160214-06	
E5600056	P006	923	0	0	20160214-05	
E5600056	P006	923	0	0	20160214-04	
E5600056	P006	923	0	0	20160214-03	
E5600056	P006	923	0	0	20160214-02	
E5600056	P006	923	0	0	20160214-01	
E5600056	P006	923	0	0	20160214-00	
E5600056	P006	923	0	0	20160213-21	
E5600056	P006	923	0	0	20160213-20	
E5600056	P006	923	0	0	20160213-19	
E5600056	P006	923	0	0	20160213-18	
E5600056	P006	924	0	0	20160214-16	
E5600056	P006	924	0	0	20160214-15	
E5600056	P006	924	0	0	20160214-14	
E5600056	P006	924	0	0	20160214-13	
E5600056	P006	924	0	0	20160214-12	
E5600056	P006	924	0	0	20160214-11	
E5600056	P006	924	0	0	20160214-10	
E5600056	P006	924	0	0	20160214-09	
E5600056	P006	924	9	2.25	20160214-08	
E5600056	P006	924	0	0	20160214-07	
E5600056	P006	924	0	0	20160214-06	
E5600056	P006	924	0	0	20160214-05	
E5600056	P006	924	0	0	20160214-04	
E5600056	P006	924	0	0	20160214-03	
E5600056	P006	924	0	0	20160214-02	
E5600056	P006	924	0	0	20160214-01	
E5600056	P006	924	0	0	20160214-00	
E5600056	P006	924	0	0	20160213-21	
E5600056	P006	924	0	0	20160213-20	
E5600056	P006	924	0	0	20160213-19	
E5600056	P006	924	0	0	20160213-18	
E5600056	P006	936	0	0	20160214-16	
E5600056	P006	936	0	0	20160214-15	
E5600056	P006	936	0	0	20160214-14	
E5600056	P006	936	0	0	20160214-13	
E5600056	P006	936	0	0	20160214-12	
E5600056	P006	936	0	0	20160214-11	
E5600056	P006	936	0	0	20160214-10	
E5600056	P006	936	0	0	20160214-09	
E5600056	P006	936	1	0.25	20160214-08	
E5600056	P006	936	0	0	20160214-07	
E5600056	P006	936	0	0	20160214-06	
E5600056	P006	936	0	0	20160214-05	
E5600056	P006	936	0	0	20160214-04	
E5600056	P006	936	0	0	20160214-03	
E5600056	P006	936	0	0	20160214-02	
E5600056	P006	936	0	0	20160214-01	
E5600056	P006	936	0	0	20160214-00	
E5600056	P006	936	0	0	20160213-21	
E5600056	P006	936	0	0	20160213-20	
E5600056	P006	936	0	0	20160213-19	
E5600056	P006	936	0	0	20160213-18	
E5600056	P007	911	3	3	20160214-16	200
E5600056	P007	911	3	3	20160214-15	200
E5600056	P007	911	3	3	20160214-14	200
E5600056	P007	911	3	3	20160214-13	200
E5600056	P007	911	3	3	20160214-12	200
E5600056	P007	911	3	3	20160214-11	200
E5600056	P007	911	3	2.7	20160214-10	200
E5600056	P007	911	3	2.9	20160214-09	200
E5600056	P007	911	3	3	20160214-08	200
E5600056	P007	911	3	1.8	20160214-07	200
E5600056	P007	911	2	2	20160214-06	200
E5600056	P007	911	2	2	20160214-05	200
E5600056	P007	911	2	2	20160214-04	200
E5600056	P007	911	2	2	20160214-03	200
E5600056	P007	911	2	2	20160214-02	200
E5600056	P007	911	2	2	20160214-01	200
E5600056	P007	911	2	2	20160214-00	200
E5600056	P007	911	3	3	20160213-21	200
E5600056	P007	911	3	2.3	20160213-20	200
E5600056	P007	911	3	2.7	20160213-19	200
E5600056	P007	911	3	2.571	20160213-18	200
E5600056	P007	922	2	2	20160214-16	
E5600056	P007	922	2	2	20160214-15	
E5600056	P007	922	2	2	20160214-14	
E5600056	P007	922	2	2	20160214-13	
E5600056	P007	922	2	2	20160214-12	
E5600056	P007	922	2	2	20160214-11	
E5600056	P007	922	2	2	20160214-10	
E5600056	P007	922	2	2	20160214-09	
E5600056	P007	922	19	5.5	20160214-08	
E5600056	P007	922	2	1	20160214-07	
E5600056	P007	922	2	1.25	20160214-06	
E5600056	P007	922	2	2	20160214-05	
E5600056	P007	922	2	2	20160214-04	
E5600056	P007	922	2	2	20160214-03	
E5600056	P007	922	2	2	20160214-02	
E5600056	P007	922	2	2	20160214-01	
E5600056	P007	922	2	1.75	20160214-00	
E5600056	P007	922	2	2	20160213-21	
E5600056	P007	922	2	2	20160213-20	
E5600056	P007	922	2	2	20160213-19	
E5600056	P007	922	2	2	20160213-18	
E5600056	P007	923	20	20	20160214-16	15
E5600056	P007	923	22	20.25	20160214-15	15
E5600056	P007	923	19	17.75	20160214-14	15
E5600056	P007	923	22	21	20160214-13	15
E5600056	P007	923	25	23.25	20160214-12	15
E5600056	P007	923	22	22	20160214-11	15
E5600056	P007	923	22	21.5	20160214-10	15
E5600056	P007	923	26	25	20160214-09	15
E5600056	P007	923	27	17	20160214-08	15
E5600056	P007	923	26	18.5	20160214-07	15
E5600056	P007	923	27	25.5	20160214-06	15
E5600056	P007	923	24	23.25	20160214-05	15
E5600056	P007	923	25	24.5	20160214-04	15
E5600056	P007	923	27	25.25	20160214-03	15
E5600056	P007	923	24	23.75	20160214-02	15
E5600056	P007	923	25	24	20160214-01	15
E5600056	P007	923	26	23.75	20160214-00	15
E5600056	P007	923	22	22	20160213-21	15
E5600056	P007	923	22	21.25	20160213-20	15
E5600056	P007	923	21	21	20160213-19	15
E5600056	P007	923	22	21.5	20160213-18	15
E5600056	P007	924	1	1	20160214-16	
E5600056	P007	924	1	0.5	20160214-15	
E5600056	P007	924	1	0.5	20160214-14	
E5600056	P007	924	1	0.25	20160214-13	
E5600056	P007	924	0	0	20160214-12	
E5600056	P007	924	0	0	20160214-11	
E5600056	P007	924	0	0	20160214-10	
E5600056	P007	924	0	0	20160214-09	
E5600056	P007	924	19	4.75	20160214-08	
E5600056	P007	924	0	0	20160214-07	
E5600056	P007	924	1	0.25	20160214-06	
E5600056	P007	924	0	0	20160214-05	
E5600056	P007	924	1	0.25	20160214-04	
E5600056	P007	924	0	0	20160214-03	
E5600056	P007	924	0	0	20160214-02	
E5600056	P007	924	0	0	20160214-01	
E5600056	P007	924	0	0	20160214-00	
E5600056	P007	924	0	0	20160213-21	
E5600056	P007	924	0	0	20160213-20	
E5600056	P007	924	0	0	20160213-19	
E5600056	P007	924	1	1	20160213-18	
E5600056	P007	936	4	4	20160214-16	
E5600056	P007	936	4	4	20160214-15	
E5600056	P007	936	4	4	20160214-14	
E5600056	P007	936	4	4	20160214-13	
E5600056	P007	936	4	4	20160214-12	
E5600056	P007	936	4	4	20160214-11	
E5600056	P007	936	4	4	20160214-10	
E5600056	P007	936	4	4	20160214-09	
E5600056	P007	936	4	2.25	20160214-08	
E5600056	P007	936	4	3	20160214-07	
E5600056	P007	936	4	4	20160214-06	
E5600056	P007	936	4	4	20160214-05	
E5600056	P007	936	4	4	20160214-04	
E5600056	P007	936	5	5	20160214-03	
E5600056	P007	936	5	5	20160214-02	
E5600056	P007	936	5	5	20160214-01	
E5600056	P007	936	5	4.25	20160214-00	
E5600056	P007	936	4	4	20160213-21	
E5600056	P007	936	4	4	20160213-20	
E5600056	P007	936	5	4.25	20160213-19	
E5600056	P007	936	5	4.5	20160213-18	
E5600056	P008	911	5	5	20160214-16	
E5600056	P008	911	5	5	20160214-15	
E5600056	P008	911	5	5	20160214-14	
E5600056	P008	911	5	5	20160214-13	
E5600056	P008	911	5	5	20160214-12	
E5600056	P008	911	5	5	20160214-11	
E5600056	P008	911	5	5	20160214-10	
E5600056	P008	911	5	5	20160214-09	
E5600056	P008	911	5	5	20160214-08	
E5600056	P008	911	5	4	20160214-07	
E5600056	P008	911	5	5	20160214-06	
E5600056	P008	911	5	5	20160214-05	
E5600056	P008	911	5	5	20160214-04	
E5600056	P008	911	5	5	20160214-03	
E5600056	P008	911	5	4.8	20160214-02	
E5600056	P008	911	5	5	20160214-01	
E5600056	P008	911	5	5	20160214-00	
E5600056	P008	911	5	5	20160213-21	
E5600056	P008	911	5	4.8	20160213-20	
E5600056	P008	911	5	5	20160213-19	
E5600056	P008	911	5	5	20160213-18	
E5600056	P008	922	21	21	20160214-16	60
E5600056	P008	922	21	20.75	20160214-15	60
E5600056	P008	922	22	21.5	20160214-14	60
E5600056	P008	922	25	24.25	20160214-13	60
E5600056	P008	922	27	24.75	20160214-12	60
E5600056	P008	922	21	20.5	20160214-11	60
E5600056	P008	922	20	19.5	20160214-10	60
E5600056	P008	922	18	17	20160214-09	60
E5600056	P008	922	16	9	20160214-08	60
E5600056	P008	922	19	13.25	20160214-07	60
E5600056	P008	922	18	16.75	20160214-06	60
E5600056	P008	922	18	17	20160214-05	60
E5600056	P008	922	17	16.25	20160214-04	60
E5600056	P008	922	17	17	20160214-03	60
E5600056	P008	922	17	16	20160214-02	60
E5600056	P008	922	20	18.75	20160214-01	60
E5600056	P008	922	18	17.5	20160214-00	60
E5600056	P008	922	20	20	20160213-21	60
E5600056	P008	922	21	20.25	20160213-20	60
E5600056	P008	922	21	20.5	20160213-19	60
E5600056	P008	922	22	22	20160213-18	60
E5600056	P008	923	61	61	20160214-16	60
E5600056	P008	923	63	60.75	20160214-15	60
E5600056	P008	923	60	58.75	20160214-14	60
E5600056	P008	923	64	63.25	20160214-13	60
E5600056	P008	923	65	63	20160214-12	60
E5600056	P008	923	62	60.5	20160214-11	60
E5600056	P008	923	60	59.25	20160214-10	60
E5600056	P008	923	61	60	20160214-09	60
E5600056	P008	923	61	33.5	20160214-08	60
E5600056	P008	923	59	43.75	20160214-07	60
E5600056	P008	923	61	60.5	20160214-06	60
E5600056	P008	923	63	61	20160214-05	60
E5600056	P008	923	60	58.25	20160214-04	60
E5600056	P008	923	61	59.75	20160214-03	60
E5600056	P008	923	59	58.5	20160214-02	60
E5600056	P008	923	64	63.5	20160214-01	60
E5600056	P008	923	60	58.5	20160214-00	60
E5600056	P008	923	63	63	20160213-21	60
E5600056	P008	923	61	60	20160213-20	60
E5600056	P008	923	64	61.75	20160213-19	60
E5600056	P008	923	59	59	20160213-18	60
E5600056	P008	924	8	8	20160214-16	60
E5600056	P008	924	10	6	20160214-15	60
E5600056	P008	924	24	20.25	20160214-14	60
E5600056	P008	924	1	0.25	20160214-13	60
E5600056	P008	924	7	3	20160214-12	60
E5600056	P008	924	16	6.5	20160214-11	60
E5600056	P008	924	16	10.5	20160214-10	60
E5600056	P008	924	9	4	20160214-09	60
E5600056	P008	924	1	0.25	20160214-08	60
E5600056	P008	924	1	0.5	20160214-07	60
E5600056	P008	924	0	0	20160214-06	60
E5600056	P008	924	0	0	20160214-05	60
E5600056	P008	924	0	0	20160214-04	60
E5600056	P008	924	0	0	20160214-03	60
E5600056	P008	924	0	0	20160214-02	60
E5600056	P008	924	0	0	20160214-01	60
E5600056	P008	924	1	0.25	20160214-00	60
E5600056	P008	924	0	0	20160213-21	60
E5600056	P008	924	0	0	20160213-20	60
E5600056	P008	924	0	0	20160213-19	60
E5600056	P008	924	0	0	20160213-18	60
E5600056	P008	936	4	4	20160214-16	
E5600056	P008	936	5	4.25	20160214-15	
E5600056	P008	936	4	4	20160214-14	
E5600056	P008	936	5	4.25	20160214-13	
E5600056	P008	936	5	4.25	20160214-12	
E5600056	P008	936	4	4	20160214-11	
E5600056	P008	936	4	4	20160214-10	
E5600056	P008	936	5	4.75	20160214-09	
E5600056	P008	936	5	3	20160214-08	
E5600056	P008	936	5	3.25	20160214-07	
E5600056	P008	936	5	4.75	20160214-06	
E5600056	P008	936	5	5	20160214-05	
E5600056	P008	936	5	4.75	20160214-04	
E5600056	P008	936	5	5	20160214-03	
E5600056	P008	936	5	5	20160214-02	
E5600056	P008	936	5	5	20160214-01	
E5600056	P008	936	5	4.75	20160214-00	
E5600056	P008	936	5	5	20160213-21	
E5600056	P008	936	5	5	20160213-20	
E5600056	P008	936	5	5	20160213-19	
E5600056	P008	936	5	4.5	20160213-18	
E5600056	P009	911	0	0	20160214-16	
E5600056	P009	911	0	0	20160214-15	
E5600056	P009	911	0	0	20160214-14	
E5600056	P009	911	0	0	20160214-13	
E5600056	P009	911	0	0	20160214-12	
E5600056	P009	911	0	0	20160214-11	
E5600056	P009	911	0	0	20160214-10	
E5600056	P009	911	0	0	20160214-09	
E5600056	P009	911	0	0	20160214-08	
E5600056	P009	911	0	0	20160214-07	
E5600056	P009	911	0	0	20160214-06	
E5600056	P009	911	0	0	20160214-05	
E5600056	P009	911	0	0	20160214-04	
E5600056	P009	911	0	0	20160214-03	
E5600056	P009	911	0	0	20160214-02	
E5600056	P009	911	0	0	20160214-01	
E5600056	P009	911	0	0	20160214-00	
E5600056	P009	911	0	0	20160213-21	
E5600056	P009	911	0	0	20160213-20	
E5600056	P009	911	0	0	20160213-19	
E5600056	P009	911	0	0	20160213-18	
E5600056	P016	911	2	1.5	20160214-16	
E5600056	P016	911	2	1.1	20160214-15	
E5600056	P016	911	2	1.5	20160214-14	
E5600056	P016	911	2	1.4	20160214-13	
E5600056	P016	911	1	1	20160214-12	
E5600056	P016	911	2	1.3	20160214-11	
E5600056	P016	911	2	1.6	20160214-10	
E5600056	P016	911	2	1.8	20160214-09	
E5600056	P016	911	4	1.9	20160214-08	
E5600056	P016	911	2	1.8	20160214-07	
E5600056	P016	911	2	1.7	20160214-06	
E5600056	P016	911	2	1.8	20160214-05	
E5600056	P016	911	2	1.9	20160214-04	
E5600056	P016	911	2	2	20160214-03	
E5600056	P016	911	2	1.9	20160214-02	
E5600056	P016	911	2	2	20160214-01	
E5600056	P016	911	2	2	20160214-00	
E5600056	P016	911	1	1	20160213-21	
E5600056	P016	911	2	1.7	20160213-20	
E5600056	P016	911	2	2	20160213-19	
E5600056	P016	911	2	1.571	20160213-18	
E5600056	P016	922	0	0	20160214-16	
E5600056	P016	922	0	0	20160214-15	
E5600056	P016	922	0	0	20160214-14	
E5600056	P016	922	0	0	20160214-13	
E5600056	P016	922	0	0	20160214-12	
E5600056	P016	922	0	0	20160214-11	
E5600056	P016	922	0	0	20160214-10	
E5600056	P016	922	0	0	20160214-09	
E5600056	P016	922	92	23	20160214-08	
E5600056	P016	922	0	0	20160214-07	
E5600056	P016	922	0	0	20160214-06	
E5600056	P016	922	0	0	20160214-05	
E5600056	P016	922	0	0	20160214-04	
E5600056	P016	922	0	0	20160214-03	
E5600056	P016	922	0	0	20160214-02	
E5600056	P016	922	0	0	20160214-01	
E5600056	P016	922	0	0	20160214-00	
E5600056	P016	922	0	0	20160213-21	
E5600056	P016	922	0	0	20160213-20	
E5600056	P016	922	0	0	20160213-19	
E5600056	P016	922	0	0	20160213-18	
E5600056	P016	923	58	58	20160214-16	75
E5600056	P016	923	63	59	20160214-15	75
E5600056	P016	923	62	61	20160214-14	75
E5600056	P016	923	64	63	20160214-13	75
E5600056	P016	923	64	63	20160214-12	75
E5600056	P016	923	62	61.75	20160214-11	75
E5600056	P016	923	60	59.25	20160214-10	75
E5600056	P016	923	60	58.5	20160214-09	75
E5600056	P016	923	92	28.25	20160214-08	75
E5600056	P016	923	56	41.25	20160214-07	75
E5600056	P016	923	54	53.25	20160214-06	75
E5600056	P016	923	57	56.25	20160214-05	75
E5600056	P016	923	55	53.5	20160214-04	75
E5600056	P016	923	57	54	20160214-03	75
E5600056	P016	923	53	49	20160214-02	75
E5600056	P016	923	47	46.5	20160214-01	75
E5600056	P016	923	47	46.5	20160214-00	75
E5600056	P016	923	43	43	20160213-21	75
E5600056	P016	923	43	42.25	20160213-20	75
E5600056	P016	923	45	42.25	20160213-19	75
E5600056	P016	923	45	44.5	20160213-18	75
E5600056	P016	936	15	15	20160214-16	220
E5600056	P016	936	15	15	20160214-15	220
E5600056	P016	936	15	15	20160214-14	220
E5600056	P016	936	15	15	20160214-13	220
E5600056	P016	936	15	15	20160214-12	220
E5600056	P016	936	15	15	20160214-11	220
E5600056	P016	936	16	15.25	20160214-10	220
E5600056	P016	936	16	15.5	20160214-09	220
E5600056	P016	936	19	7.75	20160214-08	220
E5600056	P016	936	16	12	20160214-07	220
E5600056	P016	936	16	15.5	20160214-06	220
E5600056	P016	936	16	16	20160214-05	220
E5600056	P016	936	16	15.25	20160214-04	220
E5600056	P016	936	16	15.5	20160214-03	220
E5600056	P016	936	16	16	20160214-02	220
E5600056	P016	936	16	16	20160214-01	220
E5600056	P016	936	16	16	20160214-00	220
E5600056	P016	936	16	16	20160213-21	220
E5600056	P016	936	16	16	20160213-20	220
E5600056	P016	936	16	16	20160213-19	220
E5600056	P016	936	16	16	20160213-18	220
E5600056	P017	911	2	2	20160214-16	
E5600056	P017	911	2	2	20160214-15	
E5600056	P017	911	2	2	20160214-14	
E5600056	P017	911	2	2	20160214-13	
E5600056	P017	911	2	2	20160214-12	
E5600056	P017	911	2	2	20160214-11	
E5600056	P017	911	2	2	20160214-10	
E5600056	P017	911	2	2	20160214-09	
E5600056	P017	911	3	2.1	20160214-08	
E5600056	P017	911	3	1.7	20160214-07	
E5600056	P017	911	2	2	20160214-06	
E5600056	P017	911	2	2	20160214-05	
E5600056	P017	911	2	2	20160214-04	
E5600056	P017	911	2	2	20160214-03	
E5600056	P017	911	2	2	20160214-02	
E5600056	P017	911	2	2	20160214-01	
E5600056	P017	911	2	2	20160214-00	
E5600056	P017	911	2	2	20160213-21	
E5600056	P017	911	2	2	20160213-20	
E5600056	P017	911	2	2	20160213-19	
E5600056	P017	911	2	2	20160213-18	
E5600056	P017	922	1	1	20160214-16	
E5600056	P017	922	1	1	20160214-15	
E5600056	P017	922	1	1	20160214-14	
E5600056	P017	922	1	1	20160214-13	
E5600056	P017	922	1	1	20160214-12	
E5600056	P017	922	1	1	20160214-11	
E5600056	P017	922	1	1	20160214-10	
E5600056	P017	922	1	1	20160214-09	
E5600056	P017	922	17	4.75	20160214-08	
E5600056	P017	922	1	0.75	20160214-07	
E5600056	P017	922	1	1	20160214-06	
E5600056	P017	922	1	1	20160214-05	
E5600056	P017	922	1	1	20160214-04	
E5600056	P017	922	1	1	20160214-03	
E5600056	P017	922	1	1	20160214-02	
E5600056	P017	922	1	1	20160214-01	
E5600056	P017	922	1	1	20160214-00	
E5600056	P017	922	1	1	20160213-21	
E5600056	P017	922	1	1	20160213-20	
E5600056	P017	922	1	1	20160213-19	
E5600056	P017	922	1	1	20160213-18	
E5600056	P017	923	22	22	20160214-16	0
E5600056	P017	923	22	22	20160214-15	0
E5600056	P017	923	23	23	20160214-14	0
E5600056	P017	923	23	23	20160214-13	0
E5600056	P017	923	23	22.75	20160214-12	0
E5600056	P017	923	22	22	20160214-11	0
E5600056	P017	923	22	22	20160214-10	0
E5600056	P017	923	23	22.75	20160214-09	0
E5600056	P017	923	23	15.25	20160214-08	0
E5600056	P017	923	22	16.25	20160214-07	0
E5600056	P017	923	23	22.5	20160214-06	0
E5600056	P017	923	22	22	20160214-05	0
E5600056	P017	923	24	22.5	20160214-04	0
E5600056	P017	923	23	21.75	20160214-03	0
E5600056	P017	923	24	23	20160214-02	0
E5600056	P017	923	23	22.5	20160214-01	0
E5600056	P017	923	23	22.5	20160214-00	0
E5600056	P017	923	21	21	20160213-21	0
E5600056	P017	923	22	21.5	20160213-20	0
E5600056	P017	923	22	22	20160213-19	0
E5600056	P017	923	21	21	20160213-18	0
E5600056	P017	924	18	18	20160214-16	200
E5600056	P017	924	79	56.25	20160214-15	200
E5600056	P017	924	193	130.75	20160214-14	200
E5600056	P017	924	246	204.75	20160214-13	200
E5600056	P017	924	265	200	20160214-12	200
E5600056	P017	924	105	57.5	20160214-11	200
E5600056	P017	924	24	17.5	20160214-10	200
E5600056	P017	924	6	5.25	20160214-09	200
E5600056	P017	924	17	11.5	20160214-08	200
E5600056	P017	924	33	20.5	20160214-07	200
E5600056	P017	924	26	21.25	20160214-06	200
E5600056	P017	924	69	57.25	20160214-05	200
E5600056	P017	924	34	12.25	20160214-04	200
E5600056	P017	924	65	36.75	20160214-03	200
E5600056	P017	924	3	1.5	20160214-02	200
E5600056	P017	924	10	6	20160214-01	200
E5600056	P017	924	12	5.5	20160214-00	200
E5600056	P017	924	89	89	20160213-21	200
E5600056	P017	924	83	59.5	20160213-20	200
E5600056	P017	924	78	43	20160213-19	200
E5600056	P017	924	118	111.5	20160213-18	200
E5600056	P017	936	3	3	20160214-16	200
E5600056	P017	936	3	3	20160214-15	200
E5600056	P017	936	3	3	20160214-14	200
E5600056	P017	936	3	3	20160214-13	200
E5600056	P017	936	3	3	20160214-12	200
E5600056	P017	936	3	3	20160214-11	200
E5600056	P017	936	3	3	20160214-10	200
E5600056	P017	936	3	3	20160214-09	200
E5600056	P017	936	3	1.75	20160214-08	200
E5600056	P017	936	3	2.25	20160214-07	200
E5600056	P017	936	4	3.5	20160214-06	200
E5600056	P017	936	3	3	20160214-05	200
E5600056	P017	936	4	3.5	20160214-04	200
E5600056	P017	936	4	3.25	20160214-03	200
E5600056	P017	936	4	3.75	20160214-02	200
E5600056	P017	936	4	3.75	20160214-01	200
E5600056	P017	936	4	3.5	20160214-00	200
E5600056	P017	936	3	3	20160213-21	200
E5600056	P017	936	4	3.25	20160213-20	200
E5600056	P017	936	4	3.75	20160213-19	200
E5600056	P017	936	3	3	20160213-18	200
E5600056	P018	911	3	3	20160214-16	
E5600056	P018	911	4	3.1	20160214-15	
E5600056	P018	911	3	3	20160214-14	
E5600056	P018	911	4	3.5	20160214-13	
E5600056	P018	911	4	3.4	20160214-12	
E5600056	P018	911	4	3.5	20160214-11	
E5600056	P018	911	3	3	20160214-10	
E5600056	P018	911	3	3	20160214-09	
E5600056	P018	911	3	3	20160214-08	
E5600056	P018	911	4	3	20160214-07	
E5600056	P018	911	4	3.2	20160214-06	
E5600056	P018	911	3	3	20160214-05	
E5600056	P018	911	4	3.3	20160214-04	
E5600056	P018	911	3	3	20160214-03	
E5600056	P018	911	4	3.2	20160214-02	
E5600056	P018	911	3	3	20160214-01	
E5600056	P018	911	4	3.1	20160214-00	
E5600056	P018	911	4	4	20160213-21	
E5600056	P018	911	3	3	20160213-20	
E5600056	P018	911	4	3.5	20160213-19	
E5600056	P018	911	3	3	20160213-18	
E5600056	P018	922	0	0	20160214-16	
E5600056	P018	922	0	0	20160214-15	
E5600056	P018	922	0	0	20160214-14	
E5600056	P018	922	0	0	20160214-13	
E5600056	P018	922	0	0	20160214-12	
E5600056	P018	922	0	0	20160214-11	
E5600056	P018	922	0	0	20160214-10	
E5600056	P018	922	0	0	20160214-09	
E5600056	P018	922	0	0	20160214-08	
E5600056	P018	922	0	0	20160214-07	
E5600056	P018	922	0	0	20160214-06	
E5600056	P018	922	0	0	20160214-05	
E5600056	P018	922	0	0	20160214-04	
E5600056	P018	922	0	0	20160214-03	
E5600056	P018	922	0	0	20160214-02	
E5600056	P018	922	0	0	20160214-01	
E5600056	P018	922	0	0	20160214-00	
E5600056	P018	922	0	0	20160213-21	
E5600056	P018	922	0	0	20160213-20	
E5600056	P018	922	0	0	20160213-19	
E5600056	P018	922	0	0	20160213-18	
E5600056	P018	923	12	12	20160214-16	0
E5600056	P018	923	15	12.75	20160214-15	0
E5600056	P018	923	12	12	20160214-14	0
E5600056	P018	923	12	11.25	20160214-13	0
E5600056	P018	923	15	12.25	20160214-12	0
E5600056	P018	923	13	12	20160214-11	0
E5600056	P018	923	14	13.25	20160214-10	0
E5600056	P018	923	19	17.25	20160214-09	0
E5600056	P018	923	18	4.5	20160214-08	0
E5600056	P018	923	15	10.75	20160214-07	0
E5600056	P018	923	20	17.75	20160214-06	0
E5600056	P018	923	16	15.5	20160214-05	0
E5600056	P018	923	17	15.75	20160214-04	0
E5600056	P018	923	19	17	20160214-03	0
E5600056	P018	923	16	16	20160214-02	0
E5600056	P018	923	16	15.5	20160214-01	0
E5600056	P018	923	18	16	20160214-00	0
E5600056	P018	923	13	13	20160213-21	0
E5600056	P018	923	13	12.5	20160213-20	0
E5600056	P018	923	13	13	20160213-19	0
E5600056	P018	923	14	13.5	20160213-18	0
E5600056	P018	924	47	45.5	20160214-15	30
E5600056	P018	924	41	37	20160214-14	30
E5600056	P018	924	42	36	20160214-13	30
E5600056	P018	924	32	28	20160214-12	30
E5600056	P018	924	39	32	20160214-11	30
E5600056	P018	924	37	33	20160214-10	30
E5600056	P018	924	48	42	20160214-09	30
E5600056	P018	924	40	20	20160214-08	30
E5600056	P018	924	43	21.5	20160214-07	30
E5600056	P018	924	43	33.5	20160214-06	30
E5600056	P018	924	46	35	20160214-05	30
E5600056	P018	924	42	36	20160214-04	30
E5600056	P018	924	80	61.5	20160214-03	30
E5600056	P018	924	59	49	20160214-02	30
E5600056	P018	924	72	67.5	20160214-01	30
E5600056	P018	924	76	54.5	20160214-00	30
E5600056	P018	924	106	98	20160213-20	30
E5600056	P018	924	84	81.5	20160213-19	30
E5600056	P018	924	138	138	20160213-18	30
E5600056	P018	936	3	3	20160214-16	
E5600056	P018	936	3	3	20160214-15	
E5600056	P018	936	3	3	20160214-14	
E5600056	P018	936	3	3	20160214-13	
E5600056	P018	936	3	3	20160214-12	
E5600056	P018	936	3	3	20160214-11	
E5600056	P018	936	3	3	20160214-10	
E5600056	P018	936	3	3	20160214-09	
E5600056	P018	936	3	0.75	20160214-08	
E5600056	P018	936	3	2.25	20160214-07	
E5600056	P018	936	3	3	20160214-06	
E5600056	P018	936	3	3	20160214-05	
E5600056	P018	936	3	3	20160214-04	
E5600056	P018	936	3	3	20160214-03	
E5600056	P018	936	3	3	20160214-02	
E5600056	P018	936	3	3	20160214-01	
E5600056	P018	936	3	3	20160214-00	
E5600056	P018	936	3	3	20160213-21	
E5600056	P018	936	3	3	20160213-20	
E5600056	P018	936	3	3	20160213-19	
E5600056	P018	936	3	3	20160213-18	
E5600056	P021	911	2	2	20160214-16	
E5600056	P021	911	2	2	20160214-15	
E5600056	P021	911	2	2	20160214-14	
E5600056	P021	911	3	2.6	20160214-13	
E5600056	P021	911	3	3	20160214-12	
E5600056	P021	911	3	2.9	20160214-11	
E5600056	P021	911	3	3	20160214-10	
E5600056	P021	911	3	3	20160214-09	
E5600056	P021	911	3	3	20160214-08	
E5600056	P021	911	3	1.9	20160214-07	
E5600056	P021	911	2	2	20160214-06	
E5600056	P021	911	2	2	20160214-05	
E5600056	P021	911	2	2	20160214-04	
E5600056	P021	911	2	2	20160214-03	
E5600056	P021	911	2	2	20160214-02	
E5600056	P021	911	2	2	20160214-01	
E5600056	P021	911	2	2	20160214-00	
E5600056	P021	911	2	2	20160213-21	
E5600056	P021	911	2	2	20160213-20	
E5600056	P021	911	2	2	20160213-19	
E5600056	P021	911	2	2	20160213-18	
E5600056	P021	922	0	0	20160214-16	100
E5600056	P021	922	0	0	20160214-15	100
E5600056	P021	922	0	0	20160214-14	100
E5600056	P021	922	0	0	20160214-13	100
E5600056	P021	922	0	0	20160214-12	100
E5600056	P021	922	0	0	20160214-11	100
E5600056	P021	922	0	0	20160214-10	100
E5600056	P021	922	0	0	20160214-09	100
E5600056	P021	922	0	0	20160214-08	100
E5600056	P021	922	0	0	20160214-07	100
E5600056	P021	922	0	0	20160214-06	100
E5600056	P021	922	0	0	20160214-05	100
E5600056	P021	922	0	0	20160214-04	100
E5600056	P021	922	0	0	20160214-03	100
E5600056	P021	922	0	0	20160214-02	100
E5600056	P021	922	0	0	20160214-01	100
E5600056	P021	922	0	0	20160214-00	100
E5600056	P021	922	0	0	20160213-21	100
E5600056	P021	922	0	0	20160213-20	100
E5600056	P021	922	0	0	20160213-19	100
E5600056	P021	922	0	0	20160213-18	100
E5600056	P021	923	40	40	20160214-16	100
E5600056	P021	923	45	43.5	20160214-15	100
E5600056	P021	923	44	42	20160214-14	100
E5600056	P021	923	42	40.5	20160214-13	100
E5600056	P021	923	45	42.25	20160214-12	100
E5600056	P021	923	41	39.5	20160214-11	100
E5600056	P021	923	48	44	20160214-10	100
E5600056	P021	923	48	46.5	20160214-09	100
E5600056	P021	923	47	11.75	20160214-08	100
E5600056	P021	923	40	28.25	20160214-07	100
E5600056	P021	923	41	39	20160214-06	100
E5600056	P021	923	42	37.75	20160214-05	100
E5600056	P021	923	41	37.75	20160214-04	100
E5600056	P021	923	45	43.75	20160214-03	100
E5600056	P021	923	46	42.75	20160214-02	100
E5600056	P021	923	50	45.5	20160214-01	100
E5600056	P021	923	51	48.75	20160214-00	100
E5600056	P021	923	46	46	20160213-21	100
E5600056	P021	923	48	45.5	20160213-20	100
E5600056	P021	923	47	43.5	20160213-19	100
E5600056	P021	923	44	43.5	20160213-18	100
E5600056	P021	924	0	0	20160214-15	100
E5600056	P021	924	0	0	20160214-14	100
E5600056	P021	924	0	0	20160214-13	100
E5600056	P021	924	0	0	20160214-12	100
E5600056	P021	924	0	0	20160214-11	100
E5600056	P021	924	0	0	20160214-10	100
E5600056	P021	924	0	0	20160214-09	100
E5600056	P021	924	0	0	20160214-08	100
E5600056	P021	924	0	0	20160214-07	100
E5600056	P021	924	0	0	20160214-06	100
E5600056	P021	924	0	0	20160214-05	100
E5600056	P021	924	0	0	20160214-04	100
E5600056	P021	924	0	0	20160214-03	100
E5600056	P021	924	0	0	20160214-02	100
E5600056	P021	924	0	0	20160214-01	100
E5600056	P021	924	0	0	20160214-00	100
E5600056	P021	924	0	0	20160213-20	100
E5600056	P021	924	0	0	20160213-19	100
E5600056	P021	924	0	0	20160213-18	100
E5600056	P021	936	4	4	20160214-16	100
E5600056	P021	936	4	4	20160214-15	100
E5600056	P021	936	4	4	20160214-14	100
E5600056	P021	936	4	4	20160214-13	100
E5600056	P021	936	4	4	20160214-12	100
E5600056	P021	936	4	4	20160214-11	100
E5600056	P021	936	4	4	20160214-10	100
E5600056	P021	936	4	4	20160214-09	100
E5600056	P021	936	4	1	20160214-08	100
E5600056	P021	936	4	3	20160214-07	100
E5600056	P021	936	4	4	20160214-06	100
E5600056	P021	936	4	4	20160214-05	100
E5600056	P021	936	4	4	20160214-04	100
E5600056	P021	936	4	4	20160214-03	100
E5600056	P021	936	4	4	20160214-02	100
E5600056	P021	936	4	4	20160214-01	100
E5600056	P021	936	4	4	20160214-00	100
E5600056	P021	936	4	4	20160213-21	100
E5600056	P021	936	4	4	20160213-20	100
E5600056	P021	936	4	4	20160213-19	100
E5600056	P021	936	4	4	20160213-18	100
E5600056	P022	911	3	2.5	20160214-16	
E5600056	P022	911	3	2.1	20160214-15	
E5600056	P022	911	3	2.2	20160214-14	
E5600056	P022	911	3	2.1	20160214-13	
E5600056	P022	911	2	1.9	20160214-12	
E5600056	P022	911	2	1.7	20160214-11	
E5600056	P022	911	2	2	20160214-10	
E5600056	P022	911	2	2	20160214-09	
E5600056	P022	911	4	2.4	20160214-08	
E5600056	P022	911	4	2.6	20160214-07	
E5600056	P022	911	3	3	20160214-06	
E5600056	P022	911	3	3	20160214-05	
E5600056	P022	911	3	3	20160214-04	
E5600056	P022	911	3	3	20160214-03	
E5600056	P022	911	3	3	20160214-02	
E5600056	P022	911	3	3	20160214-01	
E5600056	P022	911	3	3	20160214-00	
E5600056	P022	911	3	3	20160213-21	
E5600056	P022	911	3	3	20160213-20	
E5600056	P022	911	4	3.9	20160213-19	
E5600056	P022	911	4	3.857	20160213-18	
E5600056	P023	911	1	1	20160214-16	
E5600056	P023	911	1	1	20160214-15	
E5600056	P023	911	1	1	20160214-14	
E5600056	P023	911	1	1	20160214-13	
E5600056	P023	911	1	1	20160214-12	
E5600056	P023	911	1	1	20160214-11	
E5600056	P023	911	1	1	20160214-10	
E5600056	P023	911	1	1	20160214-09	
E5600056	P023	911	7	1.6	20160214-08	
E5600056	P023	911	1	1	20160214-07	
E5600056	P023	911	1	1	20160214-06	
E5600056	P023	911	1	1	20160214-05	
E5600056	P023	911	1	1	20160214-04	
E5600056	P023	911	1	1	20160214-03	
E5600056	P023	911	1	1	20160214-02	
E5600056	P023	911	1	1	20160214-01	
E5600056	P023	911	1	1	20160214-00	
E5600056	P023	911	1	1	20160213-21	
E5600056	P023	911	1	1	20160213-20	
E5600056	P023	911	1	1	20160213-19	
E5600056	P023	911	1	1	20160213-18	
E5600056	P024	911	4	4	20160214-16	
E5600056	P024	911	4	4	20160214-15	
E5600056	P024	911	4	2.8	20160214-14	
E5600056	P024	911	4	1.2	20160214-13	
E5600056	P024	911	4	0.8	20160214-12	
E5600056	P024	911	0	0	20160214-11	
E5600056	P024	911	1	0.4	20160214-10	
E5600056	P024	911	1	1	20160214-09	
E5600056	P024	911	1	1	20160214-08	
E5600056	P024	911	1	0.9	20160214-07	
E5600056	P024	911	1	1	20160214-06	
E5600056	P024	911	1	1	20160214-05	
E5600056	P024	911	1	1	20160214-04	
E5600056	P024	911	1	1	20160214-03	
E5600056	P024	911	1	1	20160214-02	
E5600056	P024	911	1	1	20160214-01	
E5600056	P024	911	1	1	20160214-00	
E5600056	P024	911	1	1	20160213-21	
E5600056	P024	911	1	1	20160213-20	
E5600056	P024	911	1	1	20160213-19	
E5600056	P024	911	1	1	20160213-18	
E5600056	P024	922	1	1	20160214-16	55
E5600056	P024	922	2	1	20160214-15	55
E5600056	P024	922	65	17	20160214-14	55
E5600056	P024	922	76	19	20160214-13	55
E5600056	P024	922	0	0	20160214-12	55
E5600056	P024	922	0	0	20160214-11	55
E5600056	P024	922	1	0.25	20160214-10	55
E5600056	P024	922	1	1	20160214-09	55
E5600056	P024	922	124	33.5	20160214-08	55
E5600056	P024	922	1	1	20160214-07	55
E5600056	P024	922	1	1	20160214-06	55
E5600056	P024	922	1	1	20160214-05	55
E5600056	P024	922	1	1	20160214-04	55
E5600056	P024	922	1	1	20160214-03	55
E5600056	P024	922	1	1	20160214-02	55
E5600056	P024	922	1	1	20160214-01	55
E5600056	P024	922	1	1	20160214-00	55
E5600056	P024	922	1	1	20160213-21	55
E5600056	P024	922	2	1.25	20160213-20	55
E5600056	P024	922	2	1.25	20160213-19	55
E5600056	P024	922	1	1	20160213-18	55
E5600056	P024	923	30	30	20160214-16	55
E5600056	P024	923	29	27.75	20160214-15	55
E5600056	P024	923	67	20.75	20160214-14	55
E5600056	P024	923	77	19.25	20160214-13	55
E5600056	P024	923	0	0	20160214-12	55
E5600056	P024	923	0	0	20160214-11	55
E5600056	P024	923	36	17.75	20160214-10	55
E5600056	P024	923	36	34.75	20160214-09	55
E5600056	P024	923	135	51.5	20160214-08	55
E5600056	P024	923	32	28.25	20160214-07	55
E5600056	P024	923	33	32.5	20160214-06	55
E5600056	P024	923	35	32.25	20160214-05	55
E5600056	P024	923	30	30	20160214-04	55
E5600056	P024	923	33	32	20160214-03	55
E5600056	P024	923	37	35	20160214-02	55
E5600056	P024	923	35	33.75	20160214-01	55
E5600056	P024	923	34	32.25	20160214-00	55
E5600056	P024	923	29	29	20160213-21	55
E5600056	P024	923	28	26.75	20160213-20	55
E5600056	P024	923	27	26	20160213-19	55
E5600056	P024	923	29	28.5	20160213-18	55
E5600056	P024	924	2	2	20160214-16	55
E5600056	P024	924	2	2	20160214-15	55
E5600056	P024	924	66	17	20160214-14	55
E5600056	P024	924	77	19.25	20160214-13	55
E5600056	P024	924	0	0	20160214-12	55
E5600056	P024	924	0	0	20160214-11	55
E5600056	P024	924	2	1	20160214-10	55
E5600056	P024	924	2	2	20160214-09	55
E5600056	P024	924	134	34.5	20160214-08	55
E5600056	P024	924	2	2	20160214-07	55
E5600056	P024	924	2	2	20160214-06	55
E5600056	P024	924	2	2	20160214-05	55
E5600056	P024	924	2	2	20160214-04	55
E5600056	P024	924	2	2	20160214-03	55
E5600056	P024	924	2	2	20160214-02	55
E5600056	P024	924	2	2	20160214-01	55
E5600056	P024	924	2	2	20160214-00	55
E5600056	P024	924	2	2	20160213-21	55
E5600056	P024	924	2	2	20160213-20	55
E5600056	P024	924	2	2	20160213-19	55
E5600056	P024	924	2	2	20160213-18	55
E5600056	P024	936	6	6	20160214-16	55
E5600056	P024	936	6	6	20160214-15	55
E5600056	P024	936	4	1.25	20160214-14	55
E5600056	P024	936	1	0.25	20160214-13	55
E5600056	P024	936	0	0	20160214-12	55
E5600056	P024	936	0	0	20160214-11	55
E5600056	P024	936	6	3	20160214-10	55
E5600056	P024	936	6	6	20160214-09	55
E5600056	P024	936	6	4.5	20160214-08	55
E5600056	P024	936	7	6.25	20160214-07	55
E5600056	P024	936	6	6	20160214-06	55
E5600056	P024	936	7	6.25	20160214-05	55
E5600056	P024	936	6	6	20160214-04	55
E5600056	P024	936	6	6	20160214-03	55
E5600056	P024	936	7	6.25	20160214-02	55
E5600056	P024	936	6	6	20160214-01	55
E5600056	P024	936	6	6	20160214-00	55
E5600056	P024	936	6	6	20160213-21	55
E5600056	P024	936	7	6.25	20160213-20	55
E5600056	P024	936	6	6	20160213-19	55
E5600056	P024	936	6	6	20160213-18	55
E5600056	P034	922	2	2	20160214-15	
E5600056	P034	922	31	16	20160214-14	
E5600056	P034	922	50	45	20160214-13	
E5600056	P034	922	13	6.5	20160214-12	
E5600056	P034	922	0	0	20160214-11	
E5600056	P034	922	31	16	20160214-10	
E5600056	P034	922	1	1	20160214-09	
E5600056	P034	922	1	1	20160214-08	
E5600056	P034	922	18	9.5	20160214-07	
E5600056	P034	922	1	0.5	20160214-06	
E5600056	P034	922	1	1	20160214-05	
E5600056	P034	922	1	1	20160214-04	
E5600056	P034	922	2	2	20160214-03	
E5600056	P034	922	1	1	20160214-02	
E5600056	P034	922	1	1	20160214-01	
E5600056	P034	922	1	1	20160214-00	
E5600056	P034	922	2	2	20160213-20	
E5600056	P034	922	2	2	20160213-19	
E5600056	P034	922	1	1	20160213-18	
E5600056	P034	923	18	18	20160214-16	
E5600056	P034	923	21	18.5	20160214-15	
E5600056	P034	923	77	23	20160214-14	
E5600056	P034	923	123	55.25	20160214-13	
E5600056	P034	923	33	8.75	20160214-12	
E5600056	P034	923	0	0	20160214-11	
E5600056	P034	923	78	23.5	20160214-10	
E5600056	P034	923	10	9.75	20160214-09	
E5600056	P034	923	10	9.25	20160214-08	
E5600056	P034	923	45	17	20160214-07	
E5600056	P034	923	13	10	20160214-06	
E5600056	P034	923	14	12.75	20160214-05	
E5600056	P034	923	14	13	20160214-04	
E5600056	P034	923	15	12.5	20160214-03	
E5600056	P034	923	13	11.25	20160214-02	
E5600056	P034	923	12	11.5	20160214-01	
E5600056	P034	923	12	9.75	20160214-00	
E5600056	P034	923	11	11	20160213-21	
E5600056	P034	923	11	9.5	20160213-20	
E5600056	P034	923	12	10.5	20160213-19	
E5600056	P034	923	12	10	20160213-18	
E5600056	P034	936	1	1	20160214-16	
E5600056	P034	936	1	1	20160214-15	
E5600056	P034	936	3	1	20160214-14	
E5600056	P034	936	1	0.25	20160214-13	
E5600056	P034	936	0	0	20160214-12	
E5600056	P034	936	3	1	20160214-11	
E5600056	P034	936	2	1	20160214-10	
E5600056	P034	936	1	1	20160214-09	
E5600056	P034	936	1	1	20160214-08	
E5600056	P034	936	1	0.75	20160214-07	
E5600056	P034	936	1	0.75	20160214-06	
E5600056	P034	936	1	1	20160214-05	
E5600056	P034	936	1	1	20160214-04	
E5600056	P034	936	1	1	20160214-03	
E5600056	P034	936	1	1	20160214-02	
E5600056	P034	936	1	1	20160214-01	
E5600056	P034	936	1	1	20160214-00	
E5600056	P034	936	1	1	20160213-21	
E5600056	P034	936	1	1	20160213-20	
E5600056	P034	936	1	1	20160213-19	
E5600056	P034	936	1	1	20160213-18	
